point,text
neutral,li liinformation you have shared with others e.g. reviews forum postings will continue to be publicly visible on airbnb even after your airbnb account is cancelled. however attribution of such information to you will be removed
bad,we work with a number of analytics partners including google analytics
bad,if airbnb undertakes or is involved in any merger acquisition reorganization sale of assets bankruptcy or insolvency event then we may sell transfer or share some or all of our assets including your information
blocker,none
bad,if you do post content or submit material and unless we indicate otherwise you grant amazon a nonexclusive royalty-free perpetual irrevocable and fully sublicensable right to use reproduce modify adapt publish perform translate create derivative works from distribute and display such content throughout the world in any media. you grant amazon and sublicensees the right to use the name that you submit in connection with such content if they choose.
bad, strongas we continue to develop our business we might sell or buy other businesses or services. in such transactions customer information generally is one of the transferred business assets but remains subject to the promises made in any pre-existing privacy notice unless of course the customer consents otherwise. also in the unlikely event that amazon.com inc. or substantially all of its assets are acquired customer information will of course be one of the transferred assets.
bad,amazon reserves the right to refuse service terminate accounts terminate your rights to use amazon services remove or edit content or cancel orders in its sole discretion.
bad, like many websites we use cookies and other unique identifiers and we obtain certain types of information when your web browser or device accesses amazon services and other content served by or on behalf of amazon on other websites.
bad,to serve you interest-based ads we use information such as your interactions with amazon sites content or services.
neutral,you are responsible for maintaining the confidentiality of your account and password and for restricting access to your account and you agree to accept responsibility for all activities that occur under your account or password. 
bad,this includes exchanging information with other companies and organizations for fraud protection and credit risk reduction.
bad,the amazon services and all information content materials products including software and other services included on or otherwise made available to you through the amazon services are provided by amazon on an as is and as available basis unless otherwise specified in writing. amazon makes no representations or warranties of any kind express or implied as to the operation of the amazon services or the information content materials products including software or other services included on or otherwise made available to you through the amazon services unless otherwise specified in writing. you expressly agree that your use of the amazon services is at your sole risk
bad,any dispute or claim relating in any way to your use of any amazon service or to any products or services sold or distributed by amazon or through amazon.com will be resolved by binding arbitration rather than in courtstrong except that you may assert claims in small claims court if your claims qualify.
neutral,please review our other policies such as our pricing policy posted on this site. these policies also govern your use of amazon services
bad,we reserve the right to make changes to our site policies service terms and these conditions of use at any time
bad,the amazon group companies are subject to the investigatory and enforcement powers of the federal trade commission ftc. we may be required to disclose personal information that we handle under the privacy shield in response to lawful requests by public authorities including to meet national security or law enforcement requirements.
bad,we may terminate the agreement or restrict suspend or terminate your use of the service at our discretion at any time without notice.p
neutral,if any of these conditions shall be deemed invalid void or for any reason unenforceable that condition shall be deemed severable and shall not affect the validity and enforceability of any remaining condition.
neutral,commercial solicitation chain letters mass mailings or any form of spam or unsolicited commercial electronic messages. 
neutral,political campaigning
bad,apple reserves the right at its sole discretion to change modify add or remove portions of these terms of use at any time. it is your responsibility to check these terms of use periodically for changes. your continued use of the site following the posting of changes will mean that you accept and agree to the changes.
bad,you agree to indemnify and hold apple its officers directors shareholders predecessors successors in interest employees agents subsidiaries and affiliates harmless from any demands loss liability claims or expenses including attorneys fees made against apple by any third party due to or arising out of or in connection with your use of the site.
neutral,you agree to the personal jurisdiction by and venue in the state and federal courts in santa clara county california and waive any objection to such jurisdiction or venue.
bad,apple reserves the right to do any of the following at any time without notice 1 to modify suspend or terminate operation of or access to the site or any portion of the site for any reason. 2 to modify or change the site or any portion of the site and any applicable policies or terms. and 3 to interrupt the operation of the site or any portion of the site as necessary to perform routine or non-routine maintenance error correction or other changes.p
neutral,you agree that apple may in its sole discretion and without prior notice terminate your access to the site andor block your future access to the site if we determine that you have violated these terms of use or other agreements or guidelines which may be associated with your use of the site.
good, if you do not wish to receive ads targeted to your interests from apples advertising platform you can choose to enable limit ad tracking which will opt your apple id out of receiving such ads regardless of what device you are using. if you enable limit ad tracking on your mobile device third-party apps cannot use the advertising identifier a non-personal device identifier to serve you targeted ads.
neutral,if we learn that we have collected the personal information of a child under 13 or equivalent minimum age depending on jurisdiction outside the above circumstances we will take steps to delete the information as soon as possible.
good,apple reserves the right at any time to modify this agreement and to impose new or additional terms or conditions on your use of the service provided that apple will give you 30 days advance notice of any material adverse change to the service or applicable terms of service unless it would not be reasonable to do so due to circumstances arising from legal regulatory or governmental action.
good,you may delete your apple id andor stop using the service at any time.
good,apple will be permitted to terminate only after giving you 30 days notice and only if you have not cured the breach within such 30-day period.
good,for other personal information we hold we will provide you with access including a copy for any purpose including to request that we correct the data if it is inaccurate
good,or delete the data if apple is not required to retain it by law or for legitimate business purposes.
good,we will retain your personal information for the period necessary to fulfill the purposes outlined in this privacy policy and our service specific privacy summaries. when assessing these periods we carefully examine our need to collect personal information at all and if we establish a relevant need we only retain it for the shortest possible period to realize the purpose of collection unless a longer retention period is required by law
neutral,you agree to comply with all local state federal and national laws statutes ordinances and regulations that apply to your use of the services. your use of the services may also be subject to other laws.
neutral,apple may update its privacy policy from time to time. when we change the policy in a material way a notice will be posted on our website along with the updated privacy policy.
bad,apples websites online services interactive applications email messages and advertisements may use cookies and other technologies such as pixel tags and web beacons.
bad,they may also combine it with other information to provide and improve our products services content and advertising.
bad,pall the information you provide may be transferred or accessed by entities around the world as described in this privacy policy. 
neutral,please note that certain features of the apple website will not be available once cookies are disabled.p
blocker,however apple reserves the right at all times to determine whether content is appropriate and in compliance with this agreement and may screen move refuse modify andor remove content at any time without prior notice and in its sole discretion if such content is found to be in violation of this agreement or is otherwise objectionable.p
bad,you may be asked to provide your personal information anytime you are in contact with apple or an apple affiliated company. apple and its affiliates may share this personal information with each other and use it consistent with this privacy policy.
bad,none
bad,because there currently isnt an industry or legal standard for recognizing or honoring dnt signals we dont respond to them at this time.
neutral,you agree that ebay is not responsible for examining or warranting the listings or content provided by third parties through the services and that you will not attempt to hold us or our data providers liable for inaccuracies
bad,strongyou and ebay each agree that any and all disputes or claims that have arisen or may arise between you and ebay including any disputes or claims between you and a third-party agent of ebay that relate in any way to or arise out of this or previous versions of the user agreement your use of or access to the services the actions of ebay or its agents or any products or services sold offered or purchased through the services shall be resolved exclusively through final and binding arbitration rather than in court.
bad,in any media known now or developed in the future. 
bad,pwhen you provide content using the services directly or indirectly you grant us a non-exclusive worldwide perpetual irrevocable royalty-free sublicensable through multiple tiers right to exercise any and all intellectual property rights you have in that content in connection with our provision expansion and promotion of the services
neutral,our failure to act with respect to a breach by you or others does not waive our right to act with respect to subsequent or similar breaches.
good,our right to amend the user agreement includes the right to modify add to or remove terms in the user agreement. we will provide you 30 days notice by posting the amended terms. additionally we will notify you through the ebay message center andor by email.
bad,pwe use cookies web beacons or other similar technologies to assess the performance of our services.
bad, pwe use cookies web beacons or other similar technologies to deliver content tailored to your interests including advertisements in connection with the provision of our services or within third-party online services retargeting remarketing
bad,github has the right to suspend or terminate your access to all or any part of the website at any time with or without cause with or without notice effective immediately. github reserves the right to refuse service to anyone for any reason at any time.p
bad,you agree to indemnify us defend us and hold us harmless from and against any and all claims liabilities and expenses including attorneys fees arising out of your use of the website and the service including but not limited to your violation of this agreement provided that github 1 promptly gives you written notice of the claim demand suit or proceeding. 2 gives you sole control of the defense and settlement of the claim demand suit or proceeding provided that you may not settle any claim demand suit or proceeding unless the settlement unconditionally releases github of all liability. and 3 provides to you all reasonable assistance at your expense.p
good,some browsers have incorporated do not track dnt features that can send a signal to the websites you visit indicating you do not wish to be tracked. github responds to browser dnt signals and follows the w3c standard for responding to dnt signals. if you have not enabled dnt on a browser that supports it cookies on some parts of our website will track your online browsing activity on other online services over time though we do not permit third parties other than our analytics and service providers to track github users activity over time on github
good,we offer tools such as two-factor authentication to help you maintain your accounts security
bad,we provide our service as is and we make no promises or guarantees about this service
neutral,you must be age 13 or older. while we are thrilled to see brilliant young coders get excited by learning to program we must comply with united states law. github does not target our service to children under 13 and we do not permit any users under 13 on our service. if we learn of any user under the age of 13 we will terminate that users account immediately.
neutral,you may not have more than one free account
good,we do not sell your personal information
good, you may also track changes in our site policy repository.
good,liwhat information github collectsli liwhat information github does not collect
good,how github uses your information
neutral,we also automatically collect from you your usage information cookies and similar technologies
bad,github may also collect user personal information from third parties.
neutral,information such as a username and password an email address a real name an internet protocol ip address and a photograph are examples of user personal information.p
neutral,user personal information does not include aggregated non-personally identifying information that does not identify a user or cannot otherwise be reasonably linked or connected with them. we may use such aggregated non-personally identifying information for research purposes and to operate analyze improve and optimize our website and service.
neutral,please note github does not process or store your credit card information or paypal information but our third-party payment processor does.
bad,this includes information about how you use the service such as the pages you view the referring site your ip address and session information and the date and time of each request.
bad,device information pwe may collect certain information about your device such as its ip address browser or client application information language preference operating system and application version device type and id and device model and manufacturer. this information may include user personal information.p
good,other third parties such as data brokers have been known to scrape github and compile data as well.p pyour user personal information associated with your content could be gathered by third parties in these compilations of github data. if you do not want your user personal information to appear in third parties compilations of github data please do not make your user personal information publicly available and be sure to configure your email address to be private in your user profile and in your git commit settings. we currently set users email address to private by default but legacy github users may need to update their settings.p
bad,consentul liwe rely on your consent to use your user personal information under the following circumstances when you fill out the information in your user profile. when you decide to participate in a github training research project beta program or survey.
bad,and for marketing purposes where applicable.
good,all of this user personal information is entirely optional and you have the ability to access modify and delete it at any time.
bad,with service providers pwe share user personal information with a limited number of service providers who process it on our behalf to provide or improve our service
good,and who have agreed to privacy restrictions similar to the ones in our privacy statement by signing data protection agreements or making similar commitments.
bad,while github processes all user personal information in the united states our service providers may process data outside of the united states or the european union.
good,github strives for transparency in complying with legal process and legal obligations. unless prevented from doing so by law or court order or in rare exigent circumstances we make a reasonable effort to notify users of any legally compelled or required disclosure of their information.
good,github may disclose user personal information or other information we collect about you to law enforcement if required in response to a valid subpoena court order search warrant a similar government order or when we believe in good faith that disclosure is necessary to comply with our legal obligations to protect our property or rights or those of third parties or the public at large.p pfor more information about our disclosure in response to legal requests see our guidelines for legal requests of user data.
bad,we may share user personal information if we are involved in a merger sale or acquisition of corporate entities or business units.
good,if any such change of ownership happens we will ensure that it is under terms that preserve the confidentiality of user personal information and we will notify you on our website or by email before any transfer of your user personal information. the organization receiving any user personal information will have to honor any promises we made in our privacy statement or terms of service.p 
good,pif your repository is private you control the access to your content. if you include user personal information or sensitive personal information that information may only be accessible to github in accordance with this privacy statement.
neutral,github personnel do not access private repository content except for p ul lisecurity purposesli lito assist the repository owner with a support matterli lito maintain the integrity of the serviceli lito comply with our legal obligationsli liif we have reason to believe the contents are in violation of the law or li liwith your consent. li ul phowever while we do not generally search for content in your repositories we may scan our servers and content to detect certain tokens or security signatures known active malware known vulnerabilities in dependencies or other content known to violate our terms of service such as violent extremist or terrorist content or child exploitation imagery based on algorithmic fingerprinting techniques collectively automated scanning.
neutral,pyou can also add applications from github such as our desktop app our atom application or other application and account features to your account. these applications each have their own terms and may collect different kinds of user personal information. however all github applications are subject to this privacy statement and we collect the amount of user personal information necessary and use it only for the purpose for which you have given it to us.
good,pif github processes information about you such as information github receives from third parties and you do not have an account then you may subject to applicable law access update alter delete or object to the processing of your personal information by contacting github support or github premium support.
good,pas a github user you can always take your data with you. you can clone your repositories to your desktop for example or you can use our data portability tools to download information we have about you.
good,pgenerally github retains user personal information for as long as your account is active or as needed to provide you services.p pif you would like to cancel your account or delete your user personal information you may do so in your user profile.
neutral,after an account has been deleted certain data such as contributions to other users repositories and comments in others issues will remain. however we will delete or de-identify your user personal information including your username and email address from the author field of issues pull requests and comments by associating them with a ghost user.p pthat said the email address you have supplied via your git commit settings will always be associated with your commits in the git system. if you choose to make your email address private you should also update your git commit settings. we are unable to change or delete data in the git commit history the git software is designed to maintain a record but we do enable you to control what information you put in that record.p
neutral,if you disable your browser or devices ability to accept these cookies you will not be able to log in or use githubs services.
bad,tracking and analytics pwe use a number of third-party analytics and service providers to help us evaluate our users use of github compile statistical reports on activity and improve our content and website performance. we only use these third-party analytics providers on certain areas of our website and all of them have signed data protection agreements with us that limit the type of user personal information they can collect and the purpose for which they can process the information. in addition we use our own internal analytics software to provide features and improve our content and performance.
good,transmission of data on github is encrypted using ssh https tls and git repository content is encrypted at rest. we manage our own cages and racks at top-tier data centers with high level of physical and network security and when data is stored with a third-party storage provider it is encrypted.p pno method of transmission or method of electronic storage is 100 secure. therefore we cannot guarantee its absolute security. for more information see our security disclosures.
good,in the event of a data breach that affects your user personal information we will act promptly to mitigate the impact of a breach and notify any affected users without undue delay.p
neutral,you alone are responsible for your account and anything that happens while you are signed in to or using your account. you are responsible for keeping your account secure.em
bad,liyou are responsible for maintaining the security of your account and password. github cannot and will not be liable for any loss or damage from your failure to comply with this security obligation.li liyou will promptly notify github if you become aware of any unauthorized use of or access to our service through your account including any unauthorized use of your password or account.
good,you own content you create but you allow us certain rights to it so that we can display and share the content you post.
good,you grant us and our legal successors the right to store archive parse and display your content and make incidental copies as necessary to provide the service including improving the service over time. this license includes the right to do things like copy it to our database and make backups. show it to you and other users. parse it into a search index or otherwise analyze it on our servers. share it with other users. and perform it in case your content is something like music or video.
neutral,by setting your repositories to be viewed publicly you agree to allow others to view and fork your repositories this means that others may make their own copies of content from your repositories in repositories they control.p pif you set your pages and repositories to be viewed publicly you grant each user of github a nonexclusive worldwide license to use display and perform your content through the github service and to reproduce your content solely on github as permitted through githubs functionality for example through forking.
neutral,if you believe that content on our website violates your copyright please contact us in accordance with our digital millennium copyright act policy. if you are a copyright owner and you believe that content on github violates your rights please contact us via our convenient dmca form or by emailing copyrightgithub.com. there may be legal consequences for sending a false or frivolous takedown notice. before sending a takedown request you must consider legal uses such as fair use and licensed uses.p pwe will terminate the accounts of repeat infringers of this policy.
neutral,no refunds p strongpayment based on planstrong for monthly or yearly payment plans the service is billed in advance on a monthly or yearly basis respectively and is non-refundable. there will be no refunds or credits for partial months of service downgrade refunds or refunds for months unused with an open account. however the service will remain active for the length of the paid billing period. in order to treat everyone equally no exceptions will be made.
neutral,by agreeing to these terms you are giving us permission to charge your on-file credit card paypal account or other approved methods of payment for fees that you authorize for github.
good,short versionstrong emyou may close your account at any time. if you do well treat your information responsibly.em
bad,all provisions of this agreement which by their nature should survive termination emwillem survive termination including without limitation ownership provisions warranty disclaimers indemnity and limitations of liability.p
bad,without limiting this we expressly disclaim all warranties whether express implied or statutory regarding the website and the service including without limitation any warranty of merchantability fitness for a particular purpose title security accuracy and non-infringement.p pgithub does not warrant that the service will meet your requirements.
bad,that the service will be uninterrupted timely secure or error-free.
bad,that the information provided through the service is accurate reliable or correct.
bad,that any defects or errors will be corrected. that the service will be available at any particular time or location. or that the service is free of viruses or other harmful components.
neutral,you assume full responsibility and risk of loss resulting from your downloading andor use of files information content or other material obtained from the service.
bad,pyou understand and agree that we will not be liable to you or any third party for any loss of profits use goodwill or data or for any incidental indirect special consequential or exemplary damages however arising that result fromp ul lithe use disclosure or display of your user-generated contentli liyour use or inability to use the serviceli liany modification price change suspension or discontinuance of the serviceli lithe service generally or the software or systems that make the service availableli liunauthorized access to or alterations of your transmissions or datali listatements or conduct of any third party on the serviceli liany other user interactions that you input or receive through your use of the service. orli liany other matter relating to the service.
neutral,pif you have a dispute with one or more users you agree to release github from any and all claims demands and damages actual and consequential of every kind and nature known and unknown arising out of or in any way connected with such disputes.
good,so while we may modify this agreement at any time we will notify users of any material changes and give you time to adjust to them.em p pwe reserve the right at our sole discretion to amend these terms of service at any time and will update these terms of service in the event of any such amendments. we will notify our users of material changes to this agreement such as price increases at least 30 days prior to the change taking effect by posting a notice on our website or sending email to the primary email address specified in your github account.
bad,customers continued use of the service after those 30 days constitutes agreement to those revisions of this agreement. for any other modifications your continued use of the website constitutes agreement to our revisions of these terms of service.
bad,we reserve the right at any time and from time to time to modify or discontinue temporarily or permanently the website or any part of it with or without notice.
neutral,except to the extent applicable law provides otherwise this agreement between you and github and any access to or use of the website or the service are governed by the federal laws of the united states of america and the laws of the state of california without regard to conflict of law provisions.
neutral,you and github agree to submit to the exclusive jurisdiction and venue of the courts located in the city and county of san francisco california.
neutral,github may assign or delegate these terms of service andor the github privacy statement in whole or in part to any person or entity at any time with or without your consent including the license grant in section d.4. you may not assign or delegate any rights or obligations under the terms of service or privacy statement without our prior written consent and any unauthorized assignment and delegation by you is void.p
good,throughout this agreement each section includes titles and brief summaries of the following terms and conditions. these section titles and brief summaries are not legally binding.
neutral,pif any part of this agreement is held invalid or unenforceable that portion of the agreement will be construed to reflect the parties original intent. the remaining portions will remain in full force and effect.
neutral,any failure on the part of github to enforce any provision of this agreement will not be considered a waiver of our right to enforce such provision.
good,if you would like to know who our service providers are please see our page on subprocessors.
good,you give other data to us such as by syncing your address book or calendar.
neutral,we may modify this contract our privacy policy and our cookies policy from time to time. if we make material changes to it we will provide you notice through our services or by other means to provide you the opportunity to review the changes before they become effective. we agree that changes cannot be retroactive. if you object to any changes you may close your account. your continued use of our services after we publish or send a notice about our changes to these terms means that you are consenting to the updated terms
neutral,use your real name on your profile
neutral,develop support or use software devices scripts robots or any other means or processes including crawlers browser plugins and add-ons or any other technology to scrape the services or otherwise copy profiles and other data from the services
good,you can ask us to erase or delete all or some of your personal data e.g. if it is no longer necessary to provide services to you.
good,members may go to their settings to make requests. us for a copy of your personal data and can ask for a copy of personal data you provided in machine readable form.li
bad,with regard to dnt linkedin currently doesnt respond to dnt signals in browsers because no dnt standard has been adopted as noted above.
blocker,we keep some of your data even after you close your account.
bad,we can also share your personal data as part of a sale merger or change in control or in preparation for any of these events.
bad,a worldwide transferable and sublicensable right to use copy modify distribute publish and process information and content that you provide through our services and the services of others without any further consent notice andor compensation to you or others
bad,microsoft reserves the right at all times to disclose any information as microsoft deems necessary to satisfy any applicable law regulation legal process or governmental request or to edit refuse to post or to remove any information or materials in whole or in part in microsofts sole discretion.
bad,the application is licensed not sold. this agreement only gives you some rights to use the application. if microsoft disables the ability to use the applications on your devices pursuant to your agreement with microsoft any associated license rights will terminate. the application publisher reserves all other rights. unless applicable law gives you more rights despite this limitation you may use the application only as expressly permitted in this agreement.
blocker,we may also block delivery of a communication like email file sharing or instant message to or from the services in an effort to enforce these terms or we may remove or refuse to publish your content for any reason. 
neutral,none
bad,likewise where we need to collect personal data by law or to enter into or carry out a contract with you and you do not provide the data we will not be able to enter into the contract. or if this relates to an existing product youre using we may have to suspend or cancel it. we will notify you if this is the case at the time.
good,liaccess and clear some of your data through the microsoft privacy dashboard.
bad,we also obtain data from third parties.
bad,pmicrosoft uses the data we collect to provide you rich interactive experiences. in particular we use data top ul liprovide our products which includes updating securing and troubleshooting as well as providing support. it also includes sharing data when it is required to provide the service or carry out the transactions you request.li liimprove and develop our products.li lipersonalize our products and make recommendations.li liadvertise and market to you which includes sending promotional communications targeting advertising and presenting you relevant offers.li ul
neutral,we also use the data to operate our business which includes analyzing our performance meeting our legal obligations developing our workforce and doing research.
bad,pwe transfer personal data from the european economic area the united kingdom and switzerland to other countries some of which have not yet been determined by the european commission to have an adequate level of data protection. 
good,controls for how microsoft personalizes advertising are available at httpchoice.live.com httpsgo.microsoft.comfwlinklinkid286759.
bad,these third parties may place cookies on your computer and collect data about your online activities across websites or online services. these companies currently include but are not limited to appnexus facebook media.net outbrain taboola and verizon media. 
neutral,dont publicly display or use the services to share inappropriate content or material involving for example nudity bestiality pornography
bad,microsoft corporation hereby disclaims all warranties and conditions with regard to the software including all warranties and conditions of merchantability whether express implied or statutory fitness for a particular purpose title and non-infringement.
bad,for your convenience microsoft may make available as part of the services or in its software products tools and utilities for use andor download. microsoft does not make any assurances with regard to the accuracy of the results or output that derives from such use of any such tools and utilities. 
neutral, liii. dont engage in any activity that exploits harms or threatens to harm children.li
bad,you understand that use of the services is at your own risk and that we provide the services on an as is basis with all faults and as available.
bad,we do not guarantee the services will be uninterrupted timely secure or error-free
neutral,dont do anything illegal
neutral,by creating a microsoft account or using the services you accept and agree to be bound by these terms and represent that you have either reached the age of majority where you live or your parent or legal guardian agrees to be bound by these terms on your behalf
neutral, liiii. dont send spam or engage in phishing.
bad,class action lawsuits class-wide arbitrations private attorney-general actions and any other proceeding where someone acts in a representative capacity arent allowed.
bad, if you live in or if a business your principal place of business is in the united states.strong we hope we never have a dispute but if we do you and we agree to try for 60 days to resolve it informally. if we cant you and we agree to strongbinding individual arbitration before the american arbitration association aaa under the federal arbitration act faa and not to sue in court in front of a judge or jurystrong.
neutral,certain aspects and features of our services and sites are only available through the use of cookies so if you choose to disable or decline cookies your use of the sites and services may be limited or not possible.
bad,our operations are supported by a network of computers cloud-based servers and other infrastructure and information technology including but not limited to third-party service providers. nbspwe and our third-party service providers store and process your personal data in the united states of america and elsewhere in the world. 
bad,p pdo not track dnt is an optional browser setting that allows you to express your preferences regarding tracking by advertisers and other third-parties. nbspwe do not respond to dnt signals.p
neutral,if our changes reduce your rights or increase your responsibilities we will post a notice on the policy updates page of our website and provide you at least 21 days advance notice for personal accounts and at least 5 days advance notice for business accounts.
bad,lisend you marketing information about our products and services. we may use personal data to market about our partners such as merchants.
bad,we or our authorized service providers may use cookies web beacons and other similar technologies for storing information to help provide you with a better faster and safer experience and for advertising purposes.p
bad,these service providers may also place cookies on your device via our services third party cookies.
neutral,first-party cookies are set by the site you are visiting.li
neutral,use of these technologies by authorized third-party service providersstrong
bad,these service providers may use these technologies to help us deliver our own content and advertising and compile anonymous site metrics and analytics.
good,we do not permit any of these service providers to collect any of your personal information on our sites or in our services applications or tools for their own purposes. these service providers are subject to confidentiality agreements with us and other legal restrictions on their use or collection of any personal information.
neutral,third party cookies are covered by the third-parties privacy policy.p
bad,ad networks and exchanges operated by authorized third parties for interest-based advertisingstrong pwe may use third parties such as advertising networks and exchanges to allow us to serve you advertisements. these third-party ad networks and exchange providers may use third-party cookies web beacons or similar technologies to collect information about your visit to our site and elsewhere on the internet.
neutral,this privacy statement only applies to the paypal and xoom services offered by paypal. to learn about our privacy practices for our other products or services like venmo or braintree visit the website and review the privacy statement for that product or service.p
good,pyou have the right to request a copy of the personal data weve collected about you in the past 12 months.
good,you also have the right to ask us to delete your personal data we have collected about you. if you want to see or delete your personal data contact us. we will not deny you services charge you different prices or provide you with a different level of service solely for exercising your privacy rights.p pif you request to see or delete your personal data well first need to verify who you are before we can respond to your request.
bad,if you close your account or request that we delete personal data we still need to keep some personal data so we canp ul licomplete a transaction provide goods or services you requested or comply with our promises to you in the user agreement or other contract you have with usli lidetect and prevent malicious fraudulent or illegal activityli liprotect your or another persons legal rights including the right to free speechli limanage our internal business processes that are reasonably related to your expectations when using our servicesli licomply with lawsli ul pdepending on where you live and what type of account you use you may have different rights and choices for managing your personal data.
good,understanding your choicesstrong pyou can control how personal data is collected or shared as well as how we communicate with you. here are some of the ways you can customize your choices.p p strongchoose how we collect personal datastrong p pyou may choose to limit the personal data you provide when our apps or services request it.
good,pyou can click the unsubscribe link in a marketing email opt out of a text message by replying stop or turn off notifications on your device. you can also change your accounts notification settings or the notification preferences on your device.
good,the personal data we collect
bad,if you use our services without creating or logging into an account well still collect personal data which may include your payment information device information and location. when you use our services without creating or logging into an account we will use this information to process transactions prevent fraud and comply with the law. we may connect this information with your account if you have one or if you create an account at a later date.p
neutral,ip addressli liinformation collected from cookies or other tracking technologies
bad,6. geolocation data for examplep ul liglobal positioning system gps information when you give us permission through your device settingsli liip-based geolocationli
bad,audio electronic visual biometric or similar information for examplep ul licall recordings when you talk to customer serviceli livoice identification when you consent to this biometric method of authenticationli liphoto ids and profile pictures you provideli
bad,1. information that identifies you for example
bad,we may collect personal information about you from various sources for example fromp ul liyouli limerchantsli liour payment partners such as card networks and payment processorsli lifinancial institutions such as banksli licredit bureausli liservice providers such as companies that help us manage risk and fraud deliver services to you and market our services
neutral,you can disable or decline some cookies for our sites and services. but since some parts of our service rely on cookies to work those services could become difficult or impossible to use
bad,however we may share personal data across our services and with other members of the paypal corporate family. sometimes we share the personal data we collect with third parties to help us provide services protect our customers from risk and fraud market our products and comply with legal obligations.p
good,courts governments regulators and law enforcement when accompanied by a subpoena or other legal documentation that requires paypal or members of our corporate family to respondli lipeople involved in a transaction such as other users or merchants and their service providers.li
bad,lithird parties that you asked us to connect with such as other financial or social media apps.
good,well make changes to this privacy statement from time to time. this helps us stay up to date with changes to our business and the most current laws.
good,what does paypal do with your personal informationstrong p p strongwhy
blocker,when you are no longer our customer we continue to share your information as described in this notice.p
good,how does paypal collect my personal informationstrong p pwe collect your personal information for example when youp ul liopen an account or provide account informationli liuse your credit or debit card or give us your contact informationli liuse your paypal andor xoom account to send or receive fundsli ul pwe also collect your personal information from others such as credit bureaus affiliates or other companies.p
good,you may elect to resolve the dispute in a cost effective manner through binding non-appearance-based arbitration.
bad, pfor any claim excluding claims for injunctive or other equitable relief where the total amount of the award sought is less than 10000 usd or other currency equivalents
bad,includes a prohibition of class and representative actions and non-individualized relief pursuant to which you agree to waive your right to participate in a class action lawsuit against us.li
bad,you agree to defend indemnify and hold paypal harmless from any claim or demand including reasonable legal fees made or incurred by any third party due to or arising out ofp ul liyour breach of this user agreementli liyour improper use of the paypal servicesli liyour violation of any law or the rights of a third party. 
blocker, you also waive to the full extent permitted by law any and all claims against us related to moral rights in the content.
blocker,you understand and agree however that the websites may retain but not display distribute or perform server copies of your videos that have been removed or deleted.
neutral,p padditionally you agree not top pnbspuse the websites in any manner that could disable overburden damage or impair the site or interfere with any other partys use of the websites including their ability to engage in real time activities through the websitesp pnbspuse any robot spider or other automatic device process or means to access the websites for any purpose including monitoring or copying any of the material on the websites without our prior written consent
neutral,plast modified december 8 2020p
neutral,any failure by us to assert a right or provision under these terms of service shall not constitute a waiver of such right or provision.p
neutral,if any provision of these terms of service is deemed invalid by a court of competent jurisdiction the invalidity of such provision shall not affect the validity of the remaining provisions of these terms of service which shall remain in full force and effect.p
neutral,no refundsp ppayments are nonrefundable and there are no refunds or credits for partially used periods.p
bad,regardless of any statute or law to the contrary any cause of action or claim you may have arising out of or relating to these terms of service or the websites must be commenced within one 1nbspyear after the cause of action accrues otherwise such cause of action or claim is permanently barred.p
bad,to the extent permitted by applicable law you agree to defend indemnify and hold harmless the websites their site operator their parent corporation their respective affiliates licensors service providers officers directors employees agents successors and assigns from and against any and all claims damages judgments awards obligations losses liabilities costs or debt and expenses including but not limited to attorneys feesnbsparising from inbspyour use of and access to the websites. iinbspyour violation of any term of these terms of service. iiinbspyour violation of any third party right including without limitation any copyright property or privacy right. or ivnbspany claim that your content caused damage to a third party.
bad,the websites may but will not have any obligation to review monitor display reject refuse to post store maintain accept or remove any content posted including without limitation private messages public comments public group chat messages private group chat messages or private instant messages
neutral,the sole and exclusive jurisdiction and venue for any action or proceeding arising out of or related to these terms of service shall be in an appropriate court located in limassol cyprus.
bad,pyou use the websites at your sole risk. we provide the websites as is and as available.
neutral,post any content containing unsolicited or unauthorized advertising promotional materials spam junk mail chain letters pyramid schemes or any other form of unauthorized solicitation
good,to the extent the law allows it we will attempt to provide you with prior notice before disclosing your information in response to such a request.
bad,most modern web browsers give you the option to send a do not track signal to the sites you visit indicating that you do not wish to be tracked. however there is no accepted standard for how a site should respond to this signal and we do not take any action in response to this signal
bad,we reserve the right to modify suspend or discontinue the services in whole or in part at any time
neutral,p pyou are solely responsible for the information associated with your account and anything that happens related to your account
good,any ideas suggestions and feedback about reddit or our services that you provide to us are entirely voluntary and you agree that reddit may use such ideas suggestions and feedback without compensation or obligation to you.
good,pyou retain any ownership rights you have in your content
bad,this license includes the right for us to make your content available for syndication broadcast distribution or publication by other companies organizations or individuals who partner with reddit.
bad,pwhen your content is created with or submitted to the services you grant us a worldwide royalty-free perpetual irrevocable non-exclusive transferable and sublicensable license
bad,display your content and any name username voice or likeness provided in connection with your content in all media formats and channels now known or later developed
blocker,we may in our sole discretion delete or remove your content at any time and for any reason
neutral,use the services to violate applicable law
blocker,you irrevocably waive any claims and assertions of moral rights or attribution with respect to your content.
neutral,our failure to exercise or enforce any right or provision of these terms will not operate as a waiver of such right or provision.
neutral,if any provision of these terms is for any reason held to be illegal invalid or unenforceable the rest of the terms will remain in effect
neutral,all disputes related to these terms or the services will be brought solely in the federal or state courts located in san francisco california.
bad,the services are provided as is and as available without warranties of any kind either express or implied
neutral,access to and use of the services is at your own discretion and risk and you will be solely responsible for any damage to your device or computer system or loss of data resulting therefrom.
neutral,rule 1strong premember the human. reddit is a place for creating community and belonging not for attacking marginalized or vulnerable groups of people. everyone has a right to use reddit free of harassment bullying and threats of violence. communities and users that incite violence or that promote hate based on identity or vulnerability will be banned
neutral,rule 2strong pabide by community rules. post authentic content into communities where you have a personal interest and do not cheat or engage in content manipulation including spamming vote manipulation ban evasion or subscriber fraud or otherwise interfere with or disrupt reddit communities.
good,rule 5strong pyou dont have to use your real name to use reddit but dont impersonate an individual or an entity in a misleading or deceptive manner.p
neutral,you will not license sell or transfer your account without our prior written approval.p
neutral,the services may contain information text links graphics photos videos or other materials strongcontentstrong including content created or submitted to the services by you or through your account strongyour contentstrong. we take no responsibility for and we do not expressly or implicitly endorse support or guarantee the completeness truthfulness accuracy or reliability of any of your content.
good,what we collect
good,and how it is used and shared
bad,this includes your posts and comments including saved drafts videos you broadcast via rpan your messages with other users e.g. private messages chats and modmail and your reports and other communications with moderators and with us.
neutral,reddit uses industry-standard payment processor services for example stripe to handle payment information.
bad,you may choose to provide other information directly to us. for example we may collect information when you fill out a form participate in reddit-sponsored activities or promotions apply for a job
neutral,brwe may log information when you access and use the services. this may include your ip address
bad,referral urls
neutral,we may receive information from cookies which are pieces of data your browser stores and sends back to us when making requests and similar technologies.
bad,we may receive and process information about your location. for example with your consent we may collect information about the specific location of your mobile device for example by using gps or bluetooth. we may also receive location information from you when you choose to share such information on our services including by associating your content with a location or we may derive your approximate location from other information about you including your ip address.
bad, uinformation collected from other sourcesu brwe may receive information about you from other sources including from other users and third parties and combine that information with the other information we have about you.
bad,for example we may receive demographic or interest information about you from third parties including advertisers such as the fact that an advertiser is interested in showing you an ad and combine it with our own data using a common account identifier such as a hash of an email address or a mobile-device id.
bad,we also may receive information about you including log and usage data and cookie information from third-party sites that integrate our services including our embeds and advertising technology.
bad,for example when you visit a site that uses reddit embeds we may receive information about the web page you visited. similarly if an advertiser incorporates reddits ad technology reddit may receive limited information about your activity on the advertisers site or app such as whether you bought something from the advertiser.
bad,programmatic adsem brwe partner with third-party programmatic ad exchanges to show advertisements relevant to your interests.
bad,we partner with audience measurement companies including quantcast and nielsen to learn demographic information about the population that uses reddit.
bad,communicate with you about products services offers promotions and events and provide other news and information we think will be of interest to you
good,although some parts of the services may be private or quarantined they may become public e.g. at the moderators option in the case of private communities and you should take that into consideration before posting to the services.p
good,reddit only shares nonpublic information about you in the following ways. we do not sell this information.
bad,with linked services.em if you link your reddit account with a third-party service reddit will share the information you authorize with that third-party service. you can control this sharing as described in your choices below.li li emwith our service providers.em we may share information with vendors consultants and other service providers who need access to such information to carry out work for us.
good,their use of personal data will be subject to appropriate confidentiality and security measures.
neutral,we may share information about you that has been aggregated or anonymized such that it cannot reasonably be used to identify you. for example we may show the total number of times a post has been upvoted without identifying who the visitors were or we may tell an advertiser how many people saw their ad.
good,we store the information we collect for as long as it is necessary for the purposes for which we originally collected it.
bad,we may retain certain information for legitimate business purposes or as required by law.
good,you can also request a copy of the personal information reddit maintains about you by following the process described here.
good,you may delete your account information at any time from the user preferences page.
neutral,please note however that the posts comments and messages you submitted prior to deleting your account will still be visible to others unless you first delete the specific content. we may also retain certain information about you as required by law or for legitimate business purposes after you delete your account.br
neutral,if you prefer you can usually choose to set your browser to remove or reject first- and third-party cookies. please note that if you choose to remove or reject cookies this could affect the availability and functionality of our services.
good,we also offer you choices about receiving personalized advertisements. you can adjust how we personalize advertisements for you by visiting your ads preferences in your account settings or here if you use reddit in a web browser. you can also use device-level settings to control personalized advertisements on android reset advertising id and opt out of ads personalization and ios limit ad tracking devices. you may also generally opt out of receiving personalized advertisements from certain third-party advertisers and ad networks.
good,you may opt out of receiving some or all categories of promotional communications from us by following the instructions in those communications or by updating your email options in your account preferences here. if you opt out of promotional communications we may still send you non-promotional communications such as information about your account or your use of the services.
bad,we may store information on servers and equipment in other countries depending on a variety of factors including the locations of our users and service providers. by accessing or using the services or otherwise providing information to us you consent to the processing transfer and storage of information in and to the u.s. and other countries where you may not have the same rights as you do under local law.
neutral,pchildren under the age of 13 are not allowed to create an account or otherwise use the services. additionally you must be over the age required by the laws of your country to create an account or otherwise use the services or we need to have received verifiable consent from your parent or legal guardian.p pin addition certain of our services or portions of our services require you to be 18 years of age or older so please read all notices and any additional terms carefully when you access the services.
neutral,because you alone are responsible for your content you may expose yourself to liability if you post or share content without all necessary rights.
bad,to use copy modify adapt prepare derivative works of distribute store perform and display your content and any name username voice or likeness provided in connection with your content in all media formats and channels now known or later developed anywhere in the world.
neutral,pthe services may contain links to third-party websites products or services which may be posted by advertisers our affiliates our partners or other users strongthird-party contentstrong. third-party content is not under our control and we are not responsible for any third partys websites products or services.
neutral,if you believe that anything on our services infringes a copyright or a trademark that you own or control you may notify reddits designated agent by filling out our copyright report form or trademark report form or by contactingp pcopyright agentbrreddit inc.br1455 market street suite 1600brsan francisco ca 94103brcopyrightreddit.comp
good,if you believe your content was wrongly removed due to a mistake or misidentification in a copyright notice you can send a counter notification via our copyright counter notice form or to our copyright agent contact information provided above. please see 17 u.s.c. 512g3 for the requirements of a proper counter notification.
neutral,if you submit your payment information you agree to pay all costs that you incur and you give us permission to charge you when payment is due for an amount that includes these costs and any applicable taxes and fees.p
bad,except to the extent prohibited by law you agree to defend indemnify and hold us our directors officers employees affiliates agents contractors third-party service providers and licensors the strongreddit entitiesstrong harmless from any claim or demand including costs and attorneys fees made by any third party due to or arising out of a your use of the services b your violation of these terms c your violation of applicable laws or regulations or d your content. we reserve the right to control the defense of any matter for which you are required to indemnify us and you agree to cooperate with our defense of these claims.
bad,including but not limited to implied warranties of merchantability title fitness for a particular purpose and non-infringement.
bad,while reddit attempts to make your access to and use of our services safe we do not represent or warrant that our services or servers are free of viruses or other harmful components.p
bad,reddit entities do not warrant that the services are accurate complete reliable current or error free.
blocker,after a snap is deleted well mainly be able to see the basic details like when it was sent and who it was sent to.
neutral,we may change this privacy policy from time to time. but when we do well let you know one way or another
bad, like most online services and mobile applications we may use cookies and other technologies such as web beacons web storage and unique advertising identifiers to collect information about your activity browser and device.
bad,we may also use these technologies to collect information when you interact with services we offer through one of our partners such as advertising and commerce features. for example we may use information collected on other websites to show you more relevant ads.
bad,provide and improve our advertising services ad targeting and ad measurement including through the use of your precise location information again if youve given us permission to collect that information
blocker,to the extent permissible under law you irrevocably waiveor agree not to assert against snap and its affiliates to the extent a waiver is not permittedany moral rights or equivalent rights you may have in the asset throughout the world.
bad,we may change suspend or end any service or modify prices prospectively in our discretion.
good,you have the right to control your information. thats why we provide easy ways to access and update your information adjust how much information you share with us and request that we delete your information or your account altogether.
good, pif you ever decide to stop using snapchat you can just ask us to delete your account. 
bad,we may collect information about you from other users our affiliates and third parties. here are a few examplesp ul liif you link your snapchat account to another service like bitmoji or a third-party app we may receive information from the other service like how you use that service.li liadvertisers app developers publishers and other third parties may share information with us as well
neutral,with third parties.strong we may share information about you with service providers who perform services on our behalf including to measure and optimize the performance of ads and deliver more relevant ads including on third-party websites and apps.
bad,we may share information about you with business partners that provide services and functionality on our services.
bad,we collect ul liinformation about your hardware and software such as the hardware model operating system version device memory advertising identifiers unique application identifiers apps installed unique device identifiers browser type language battery level and time zoneli liinformation from device sensors such as accelerometers gyroscopes compasses microphones and whether you have headphones connected. andli liinformation about your wireless and mobile network connections such as mobile phone number service provider ip address and signal strength.li 
bad,with your permission we may also collect information about your precise location using methods that include gps wireless networks cell towers wi-fi access points and other sensors such as gyroscopes accelerometers and compasses.
bad,for example most of our services require you to set up a snapchat account so we need to collect a few important details about you such as your name username password email address phone number and date of birth.
bad,we may share information about you if we reasonably believe that disclosing the information is needed to ul licomply with any valid legal process governmental request or applicable law rule or regulation.li
bad, except for certain types of disputes mentioned in the arbitration provision of the snap inc. terms of service you and snap agree that claims and disputes including statutory claims and disputes arising between us will be resolved by mandatory binding arbitration pursuant to the arbitration procedures set forth in the arbitration provision of the snap inc. terms of service 
bad,and you and snap inc. waive any right to participate in a class-action lawsuit or class-wide arbitration.p
neutral,keep in mind though that removing or rejecting cookies could affect the availability and functionality of our services. 
good,you can also use download my data to obtain a copy of information that isnt available in our apps in a portable format so you can move it or store it wherever you want.
good,we dont record your ip addressstrong brthe only exception is for automated search requests robots that rapidly submit more queries to our servers than any normal human would. when our software detects potential abuse we register and block the offending ip address in order to keep our service safe and free
good,bad cookies have unique elements that can track all kinds of personal information. we dont serve any of those. startpage uses just one good cookie called preferences in order to remember the search preferences you choose. its completely anonymous and expires after not visiting startpage for 90 days
good,when you search your query is automatically stripped of unnecessary metadata including your ip address and other identifying information. we send the anonymized search query to google and return the search results to you. we dont log your searches.p p brto prevent abuse such as robotic high-volume querying we anonymously determine the frequency of popular search keywords as a part of our anti-abuse measures while protecting your privacy
good,when you contact us via email or through our support center well use your contact information to respond to you. we wont sell or share this info with anyone else.
neutral,any request will have to come from dutch judicial authorities.
good,we will never comply with any voluntary surveillance programstrong p p embig brother would like some helpem p phell no fortunately we are based in the eu where we have strong laws that protect your right to privacy. european governments cant legally force service providers like startpage to implement a blanket spying program
good,youll have the option to subscribe to our newsletter from which you can unsubscribe at any time.
neutral,how we have implemented truly anonymous analyticsstrong p p emwe only count aggregate numbers
good,we believe privacy is a fundamental human right.nbspbr strong em strongwith startpage you can search and browse the internet privately.nbspstrong strongnot because you have something to hide but because you have a lot to protectstrong p pprotecting your privacy is all about having control over your data. at startpage.com we help you control and protect whats yoursnbspp p emits your data. not big data
good,in accordancenbspwith eu privacy laws and regulations you have the right to lodge a complaintnbspwith the national supervisory authority responsible for thenbspprotection ofnbsppersonal data if you think we have unlawfully processed your personal data. fornbspthe netherlands this supervisory authority is thenbspdutch data protection authority which you cannbspcontact here
good,strongwe dont serve any tracking or identifying cookies
bad,social media widgetsdt dd pour sites and mobile applications include social media features such as the facebook pinterest and twitter widgets. these features may collect information about you such as your ip address and which page you are visiting on our site. they may set a cookie or employ other tracking technologies to accomplish this. social media features and widgets may be hosted by a third party. your interactions with those features are governed by the privacy policies of the companies that provide them.p
bad,dtautomated information collectiondt dd pwe may connect information collected automatically with information we already have about you in order to identify you as a target guest. if we are able to identify you as a target guest we may for example link your activity on our website to your activity in a target store or on one of our mobile applications. this allows us to provide you with a personalized experience regardless of how you interact with us online in store mobile etc
bad,pwe also allow third-party companies e.g. google to place tags on our digital properties once approved through our tagging process. the tags may collect information from your interactions on target.com. our privacy policy does not cover these third party companies. please contact these third party companies e.g. google directly for more information about their privacy policy and your choices regarding the tags and the information collected by the tags.
bad,dtmobile location informationdt dd pif you use a mobile device your device may share location information when you enable location services with our websites mobile applications services or our service providers. for example precise geo-location can be used to help you find nearby target stores. or in-store location through the use of your phones blue tooth signal led light chip technologies or other technologies will permit target to find nearby products for you get you real-time deals auto-sort your shopping list and more. p pto manage how you share your devices location settings go to the choices section of this privacy policy.p 
blocker,camerasdt dd pwe use cameras in and around our stores for operational purposes such as measuring traffic patterns and tracking in-stock levels. cameras may also be used for fraud detection theft prevention and security. 
bad,when enabled we may also use your devices camera e.g. apples truedepth camera so you can use services such as product visualization e.g. scan room to see item in your space or virtual fitting e.g. scan facial data to try on accessoriesbeauty products. information collected from the truedepth camera is used in real time - we do not store this information on our servers or share it with third parties.p 
bad,information from other sourcesdt dd pwe collect information about you from other sources to enhance our existing guest information and improve the accuracy of our records. this improves our ability to contact you and increases the relevance of our marketing
bad,dlhow is your information useddl dt dt dd pinformation we collect is used for a variety of purposes including activities such as processing transactions helping our guest relations representatives resolve issues identifying fraud and improving our services
bad,dtcross-contextdt dd pwe merge data collected from our own websites and mobile apps.
neutral,these companies use non-identifiable information e.g. click stream information browser type time and date subject of advertisements clicked or scrolled over hardwaresoftware information cookie and session id and personally identifiable information e.g. static ip address during your visits to this and other websites in order to provide advertisements about goods and services likely to be of greater interest to you. these parties typically use a cookie web beacon or other similar tracking technologies to collect this information. target adheres to the digital advertising alliance daa self-regulatory principles for iba.
good,dtelsewhere at your directiondt dd pat your direction or request or when you otherwise consent we may share your information.
good,push notificationsdt dd pyou may opt-out from allowing target to send you push notifications by adjusting the permissions in your mobile device. you may also choose which types of push notifications to receive by adjusting the permissions within your target mobile application. this opt choice does not apply to in app notifications.
good,we claim no ownership rights over user content created by you. the user content you create remains yours. however by sharing user content through the service you agree to allow others to view edit andor share your user content in accordance with this agreement see user content license grants below.
neutral,contains any information or content that is illegal
neutral,any use of the service by anyone under 13 is strictly prohibited and in violation of this agreement. notwithstanding the foregoing a child under the age of 13 may use the site if we receive a signed permission form from the childs parent or legal guardian.
bad,subject to the terms and conditions of this agreement you are hereby granted a non-exclusive limited non-transferable freely revocable license to use the service as permitted by the features of the service. wikihow may terminate this license at any time for any reason or no reason.
bad,the service is provided on an as is and as available basis. use of the service is at your own risk.
bad,for any dispute with wikihow you agree to first contact us at wikiwikihow.com and attempt to resolve the dispute with us informally. in the unlikely event that wikihow has not been able to resolve a dispute it has with you after attempting to do so informally we each agree to resolve any claim dispute or controversy excluding any wikihow claims for injunctive or other equitable relief arising out of or in connection with or relating to this agreement or the breach or alleged breach thereof collectively claims by binding arbitration by the american arbitration association aaa under the commercial arbitration rules and supplementary procedures for consumer related disputes then in effect for the aaa except as provided herein.
bad,you agree that by entering into this agreement you and wikihow are each waiving the right to a trial by jury or to participate in a class action. p
bad,when you use the service we may employ clear gifs also known as web beacons which are used to anonymously track the online usage patterns of our users.
good,we may send you emails containing newsletters promotions and special offers. if you do not want to receive such email messages you will be given the option to opt out or change your preferences.
bad,we may buy or selldivesttransfer the company including any shares in the company or any combination of its products services assets andor businesses. your information such as customer names and email addresses user content and other user information related to the service may be among the items sold or otherwise transferred in these types of transactions. we may also sell assign or otherwise transfer such information in the course of corporate divestitures mergers acquisitions bankruptcies dissolutions reorganizations liquidations similar transactions or proceedings involving all or a portion of the company. p
neutral,the service is not available to any users previously removed from the service by wikihow. 
bad,this agreement contains a mandatory arbitration of disputes provision that requires the use of arbitration on an individual basis to resolve disputes
neutral,you are solely responsible for the activity that occurs on your account and you must keep your account password secure.
good,when you upload images to the service you may select among various licenses under which wikihow may distribute and sublicense your image-based user content. wikihow hereby grants to users of the service all rights specified under the terms of the license under which any image-based user content is licensed to wikihow. p
bad,should you ignore this warning and send specific or confidential information in a private message or post it as a comment there is no duty to keep that information confidential or to discontinue or forego any representation adverse to your interests. 
bad,we may share certain service type information including information obtained through tools such as cookies log files device identifiers location data and clear gifs such as anonymous usage data referringexit pages and urls platform types number of clicks etc. i with our third-party business partners for the purposes described in the section above on how we collect and use information.
bad,we may also share certain information such as your location browser cookie data and other data relating to your use of our service with our business partners to deliver advertisements ads that may be of interest to you. wikihow may allow third-party ad servers or ad networks to serve advertisements on the service.
bad,these cookies can remember that your device has visited a site or service and may also be able to track your devices browsing activity on other sites or services other than wikihow.
bad,wikihow its subsidiaries and its licensors do not warrant that the content is accurate reliable or correct. that the service will meet your requirements.
bad,that the service will be available at any particular time or location uninterrupted or secure.
bad,that any defects or errors will be corrected.
bad, in no event shall wikihow its affiliates agents directors employees suppliers or licensors be liable for any direct indirect punitive incidental special consequential or exemplary damages
good,when you submit text to which you hold the copyright you agree to license it under ul licreative commons attribution-sharealike 3.0 unported license cc by-sa andli lignu free documentation license gfdl unversioned with no invariant sections front-cover texts or back-cover texts.li ul pre-users may comply with either license or both.p pthe only exception is if the project edition or feature requires a different license. in that case you agree to license any text you contribute under that particular license.
neutral, byou are responsible for your own actionsb you are legally responsible for your edits and contributions on wikimedia projects so for your own protection you should exercise caution and avoid contributing any content that may result in criminal or civil liability under any applicable laws. for clarity applicable law includes at least the laws of the united states of america. although we may not agree with such actions we warn editors and contributors that authorities may seek to apply other country laws to you including local laws where you live or where you view or edit content. wmf generally cannot offer any protection guarantee immunity or indemnification.li
neutral,if you seek to file a legal claim against us you agree to file and resolve it exclusively in a state or federal court located in san francisco county california. you also agree that the laws of the state of california and to the extent applicable the laws of the united states of america will govern these terms of use as well as any legal claim that might arise between you and us without reference to conflict of laws principles. you agree to submit to the personal jurisdiction of and agree that venue is proper in the courts located in san francisco county california in any legal action or proceeding relating to us or these terms of use. p 
good,we believe that community input is essential for these terms of use to properly serve our users
good,however if we believe that a particular request for disclosure of a users information is legally invalid or an abuse of the legal system and the affected user does not intend to oppose the disclosure themselves we will try our best to fight it.
bad,because our services are used by people all over the world personal information that we collect may be stored and processed in the united states of america or any other country in which we or our agents maintain facilities.
bad,we reserve the right to suspend or end the services at any time with or without cause and with or without notice. 
bad,we provide these services on an as is and as available basis
neutral,these terms of use went into effect on june 16 2014.
good,though we hope you will stay and continue to contribute to the projects you can stop using our services any time. 
good,because we believe that you shouldnt have to provide personal information to participate in the free knowledge movement you mayb p ul liread edit or use any wikimedia site without registering an account.li
good,register for an account without providing an email address or real name.
neutral,in the interests of our users and the projects in the extreme circumstance that any individual has had his or her account or access blocked under this provision he or she is prohibited from creating or using another account on or seeking access to the same project unless we provide explicit permission.
bad,we actively collect some types of information with a variety of commonly-used technologies. these generally include tracking pixels javascript and a variety of locally stored data technologies such as cookies and local storage.
neutral,this version was approved by katherine maher on may 17 2018 pursuant to the delegation of policy-making authority by the board and went into effect on may 24 2018. 
neutral,please be aware that you are legally responsible for all of your contributions edits and re-use of wikimedia content under the laws of the united states of america and other applicable laws which may include the laws where you live or where you view or edit content.
good,changes to this privacy policy psubstantial changes to this policy will not be made until after a public comment period of at least 30 days.
bad,to ensure that disputes are dealt with soon after they arise you agree that regardless of any statute or law to the contrary any claim or cause of action you might have arising out of or related to use of our services or these terms of use must be filed within the applicable statute of limitations or if earlier one 1 year after the pertinent facts underlying such claim or cause of action could have been discovered with reasonable diligence or be forever barred.
neutral,if in any circumstance we do not apply or enforce any provision of these terms of use it is not a waiver of that provision.
neutral,if any provision or part of a provision of these terms of use is found unlawful void or unenforceable that provision or part of the provision is deemed severable from these terms of use and will be enforced to the maximum extent permissible and all other provisions of these terms of use will remain in full force and effect.
bad,be safe secure uninterrupted timely accurate or error-free or that your information will be secure.
bad,we make no warranty that our services will meet your requirements
good,this is a human-readable bsummaryb of the terms of use.
good,in certain hopefully unlikely circumstances it may be necessary for either ourselves or the wikimedia community or its members as described in section 10 to terminate part or all of our services terminate these terms of use block your account or access or ban you as a user.
neutral,liany content you add or any change that you make to a wikimedia site will be publicly and permanently available.
neutral,none
bad,strongthe zillow companies provide the services as is with all faults and as available
bad,warranties or conditions of uninterrupted or error-free access or use.
bad,zillow companies and their suppliers expressly disclaim any and all warranties or conditions express statutory and implied
bad,we and our partners use various tools to collect data when you visit our sites and apps including cookies pixel tags and other similar technologies. 
bad,pzillow allows certain companies to place tracking technologies like cookies and pixels on our sites which allow those companies to receive information about your activity on zillow that is associated with your browser or device.nbsp. the companies may use that data to serve you more relevant ads on our sites or others.
bad,if you enable location services on your mobile device zillow collects the location of your device.nbsp. we use that information to provide you with location-based information and ads like homes and real estate professionals in your area and to offer location-based services like allowing you to unlock and tour zillow offers homes on your own schedule and claiming your home on zillow.
bad, we also allow specific approved partners to collect data from your browser or device for advertising and measurement purposes using their own cookies or similar tools.p
blocker, you agree to waive and do waive any legal or equitable right or remedy you may have against us 
neutral,strongyou must be at least 18 years of age to use the services.
bad,warranties or conditions of merchantability fitness for a particular purpose workmanlike effort accuracy
bad, and the url of the site you visited before zillow.p
neutral,your ip address and other device information when you browse our sites or use our apps.
